chrome-extension://chphlpgkkbolifaimnlloiipkdnihall/onetab.html	OneTab
https://www.google.com/search?q=psalm+144+1+original	psalm 144 1 original - Google Search
https://biblehub.com/text/psalms/144-1.htm	Psalm 144:1 Hebrew Text Analysis
https://en.wikipedia.org/wiki/Psalm_144	Psalm 144 - Wikipedia
https://en.wikipedia.org/wiki/Tetragrammaton	Tetragrammaton - Wikipedia
https://chromewebstore.google.com/detail/copy-all-urls-free/pnbocjclllbkfkkchadljokjclnpakia	Copy All URLs (Free) - Chrome Web Store
chrome-extension://edacconmaakjimmfgnblocblbcdcpbko/session-buddy.html	This browser - Session Buddy
https://jthorvaldur.github.io/r/cook6724-QgixOl/filing/legal_guide.html	Illinois Divorce Law — Pro Se Reference Guide
https://jthorvaldur.github.io/r/cook6724-QgixOl/filing/roadmap.html	Filing Roadmap — 2024 D 6724
https://www.google.com/search?q=linkedin+settings+get+copy+of+data	linkedin settings get copy of data - Google Search
https://www.linkedin.com/help/linkedin/answer/a1339364/downloading-your-account-data	Download your account data | LinkedIn Help
https://www.linkedin.com/mypreferences/d/download-my-data	Download my data
https://github.com/jthorvaldur/jthorvaldur.github.io/blob/main/index.html	jthorvaldur.github.io/index.html at main
https://github.com/jthorvaldur/jthorvaldur.github.io/tree/main	jthorvaldur/jthorvaldur.github.io
https://jthorvaldur.github.io/	J. Thorarinson
https://jthorvaldur.github.io/r/	Case Review
https://jthorvaldur.github.io/r/	Case Review
https://efile.illinoiscourts.gov/	eFileIL | Home Page
https://efile.illinoiscourts.gov/EFSPs-Page/	eFileIL | EFSPs Page
https://efileil.tylertech.cloud/OfsEfsp/ui/edit-envelope/48bb9876-79db-4f45-8909-20362d04c6eb/filings	eFile - Filings
https://efileil.tylertech.cloud/OfsEfsp/ui/dashboard	eFile - Dashboard
https://efile.illinoiscourts.gov/self-represented-filers-page/	eFileIL | Self Represented Filers Page
https://www.biblegateway.com/passage/?search=Psalm%20144-150&version=NKJV	Psalm 144-150 NKJV - Bible Gateway
https://www.bible.com/bible/316/PSA.144.TS2009	Tehillim (Psalms) 144 | TS2009
https://jthorvaldur.github.io/r/cook6724-QgixOl/filing/strategy.html	Motion Strategy & Adversarial Analysis — 2024 D 6724
file:///Users/jthor/div_legal/reports/case_timeline.html	Case Timeline — 2024 D 6724
https://jthorvaldur.github.io/r/cook6724-QgixOl/filing/legal_guide.html#foundations	Illinois Divorce Law — Pro Se Reference Guide
https://jthorvaldur.github.io/r/cook6724-QgixOl/filing/roadmap.html	Filing Roadmap — 2024 D 6724
https://efileil.tylertech.cloud/OfsEfsp/ui/dashboard	eFile - Dashboard
https://jthorvaldur.github.io/r/cook6724-QgixOl/filing/	Filing Portal — 2024 D 6724
https://www.upwork.com/ab/applicants/2042731759589949382/applicants?nav_dir=pop	Corporate/IP Legal Drafting Specialist — Job Applications - Upwork
https://www.upwork.com/ab/applicants/2042712999810334662/applicants	Paralegal — Cook County Domestic Relations - Job Applications - Upwork
